country,Country Code,1992,1993,1994,1995,1996,1997,1998,1999,2000,2001,2002,2003,2004,2005,2006,2007,2008,2009,2010,2011,2012,2013,2014,1980,1981,1982,1983,1984,1985,1986,1987,1988,1989,1990,1991,1961,1962,1963,1964,1965,1966,1967,1968,1969,1970,1971,1972,1973,1974,1975,1976,1977,1978,1979
Afghanistan,AFG,NA,NA,NA,NA,NA,NA,NA,NA,NA,NA,0.044936626,0.043347472,0.039712736,0.046827824999999997,0.050605798,0.059490268,0.08531979,0.118630883,0.150205172,0.196181559,0.169302152,0.166638006,0.154883189,NA,NA,NA,NA,NA,NA,NA,NA,NA,NA,NA,NA,NA,NA,NA,NA,NA,NA,NA,NA,NA,NA,NA,NA,NA,NA,NA,NA,NA,NA,NA
Albania,ALB,0.408964735,0.386849245,0.400111645,0.387517446,0.424743656,0.346107692,0.480669151,0.663616999,0.679311115,0.765433291,0.849344942,0.853916975,0.937932826,0.980166745,1.0311958,1.145754101,1.122993021,1.169450903,1.078365783,1.155059974,0.96869194,0.962628121,0.897236602,1.054122943,0.866013724,0.878688887,0.927811382,0.981435414,0.920676105,0.926970286,0.933292246,0.931036046,0.884435212,0.783023161,0.569780362,NA,NA,NA,NA,NA,NA,NA,NA,NA,NA,NA,NA,NA,NA,NA,NA,NA,NA,NA
Algeria,DZA,NA,NA,NA,NA,NA,NA,NA,NA,NA,NA,NA,NA,NA,NA,NA,NA,NA,NA,NA,NA,NA,NA,1.46621158,NA,NA,NA,NA,NA,NA,NA,NA,NA,NA,NA,NA,NA,NA,NA,NA,NA,NA,NA,NA,NA,NA,NA,NA,NA,NA,NA,NA,NA,NA,NA
Angola,AGO,0.142934042,0.142964815,0.136887858,0.12633585,0.12605129,0.122239216,0.108430215,0.114129342,0.109801921,0.112884051,0.116482121,0.133781748,0.134502853,0.115132776,0.136083625,0.146787301,0.334194006,0.521414939,0.279707665,0.311131824,0.421207487,0.656811424,0.774420571,NA,NA,NA,NA,NA,0.09796781,0.102379936,0.106973701,0.121838355,0.127972066,0.145309565,0.150798226,NA,NA,NA,NA,NA,NA,NA,NA,NA,NA,NA,NA,NA,NA,NA,NA,NA,NA,NA
Argentina,ARG,0.987957262,1.007889369,1.086837151,1.026132064,1.092581154,1.146185525,1.124226123,1.059851522,1.067150019,0.915511793,0.758735701,0.842598356,1.029511828,1.007305958,1.111828109,1.184570819,1.290293303,1.176644209,1.25481186,1.319903283,1.312462657,1.313781535,1.281048741,1.214257637,1.089219431,0.998974236,0.973928561,0.982059393,0.84174493,0.955410674,1.03031363,1.010709792,0.934881389,0.786612833,0.885035977,0.821848257,0.854288262,0.724590089,0.856267028,0.940642244,0.94453445,0.958267619,1.012270217,1.142922513,1.214448414,1.296412924,1.312073327,1.337567695,1.315363959,1.272840117,1.239477097,1.246892113,1.157598277,1.279834566
Armenia,ARM,1.1122251,0.535276774,0.317669342,0.416180121,0.334685694,0.409646065,0.432528699,0.520854495,0.482025,0.501806613,0.475678541,0.535628171,0.57744377,0.683763506,0.743040136,0.865227578,0.997572376,0.786918537,0.783614389,0.830742567,0.873454158,0.863901974,0.851708106,NA,NA,NA,NA,NA,NA,NA,NA,NA,NA,NA,NA,NA,NA,NA,NA,NA,NA,NA,NA,NA,NA,NA,NA,NA,NA,NA,NA,NA,NA,NA
Australia,AUS,4.100532541,4.14678186,4.22499788,4.30903618,4.453041516,4.524162445,4.684176461,4.674511538,4.77491697,4.839823251,4.777002043,5.128905615,5.404927214,5.50926652,5.664540684,5.827857969,5.867380914,5.462084086,5.548603981,5.44318357,5.233271325,5.01687544,4.700066732,4.486413873,4.334508228,4.316343216,3.966171178,3.926518647,3.995823258,3.928285682,4.020669682,4.194435785,4.512647782,4.323681772,4.100662322,3.026249265,3.098035023,3.256479254,3.426953424,3.60551588,3.824035318,3.893451468,3.976064198,3.982115713,4.014376304,3.863078788,3.841649966,4.129918873,4.45232077,4.247904873,4.229548167,4.56364972,4.32006734,4.434458753
Austria,AUT,3.319643589,3.221963651,3.315120198,3.59332948,4.178255077,3.775725181,3.761866383,3.676213807,3.770382869,3.975874687,4.028069467,4.247942158,4.287933489,4.429462263,4.436821776,4.387723363,4.365199128,3.93866975,4.301088739,4.374184688,4.085726766,4.091085972,3.885462847,3.253521964,2.880122788,2.828765607,2.701699263,2.812136955,2.961951311,2.96446779,2.949275023,2.983819272,2.973023358,3.236562321,3.492589497,1.657642851,1.806234133,1.953292761,2.030306986,2.018593964,2.0469361,2.05402641,2.233301031,2.376842095,2.702512111,2.836135014,3.011072021,3.30467717,3.004360811,2.776169508,3.088447814,3.061119069,3.114582435,3.280514956
Azerbaijan,AZE,NA,NA,NA,NA,1.273794086,1.228026867,1.176865078,1.077693261,1.145926555,1.112579894,1.146064434,1.287641715,1.319666334,1.419900231,1.419475226,1.319163133,0.866384399,1.059484205,0.995661678,1.165941373,1.249162943,1.261879361,1.259900838,NA,NA,NA,NA,NA,NA,NA,NA,NA,NA,NA,NA,NA,NA,NA,NA,NA,NA,NA,NA,NA,NA,NA,NA,NA,NA,NA,NA,NA,NA,NA
Bahrain,BHR,8.383112487,7.906210178,8.43616875,7.712319376,8.377822794,8.775943099,9.036739549,8.632557153,8.699181692,8.556749628,8.953123483,9.421065746,8.738957352,10.30737415,9.646675154,10.1196848,10.91176324,9.533831665,9.371103695,8.277792632,6.398736424,4.958915516,7.296194313,10.06231674,9.23353955,10.30537413,8.500729984,8.531612508,8.188424613,8.072574471,6.405272917,6.800324028,8.82858084,7.987623538,6.985432749,NA,NA,NA,NA,NA,NA,NA,NA,NA,NA,NA,NA,NA,NA,NA,NA,NA,NA,NA
Bangladesh,BGD,0.060033245,0.068714457,0.076307208,0.089359841,0.091117962,0.104329464,0.104592534,0.102638452,0.10365774,0.123162949,0.126646835,0.129359213,0.142356444,0.155601732,0.178590833,0.188854576,0.201536385,0.206863011,0.230053584,0.262051152,0.260977578,0.253822423,0.273097316,0.043327713,0.041348849,0.042549541,0.040064446,0.039667923,0.043983161,0.046765854,0.049434094,0.05470047,0.057342017,0.062519094,0.056485855,NA,NA,NA,NA,NA,NA,NA,NA,NA,NA,0.03065107,0.030444531,0.03304908,0.033139531,0.03316739,0.035277959,0.036166643,0.037676373,0.040286028
Barbados,BRB,1.853945676,2.029640101,1.536801711,1.702282273,1.867788479,2.105540689,2.16633464,2.445985249,2.969360497,2.681501064,2.443747439,3.090214159,2.776613895,3.147006167,3.037165362,2.758209728,2.855399766,2.964763215,2.676093347,2.687974336,2.384469041,2.095539246,2.256499318,NA,NA,NA,NA,NA,NA,NA,NA,NA,NA,2.441226705,2.646325694,NA,NA,NA,NA,NA,NA,NA,NA,NA,NA,NA,NA,NA,NA,NA,NA,NA,NA,NA
Belarus,BLR,3.128545283,2.704225559,2.29027433,2.249871532,2.248139779,2.257317648,2.226525956,2.070992705,2.07987274,1.960573742,2.003542117,2.238481857,2.228615251,2.286226978,2.560024361,2.522820194,2.653004904,2.50729888,2.650402065,2.388298662,2.383581614,2.629253504,2.348759357,NA,NA,NA,NA,NA,NA,NA,NA,NA,NA,NA,NA,NA,NA,NA,NA,NA,NA,NA,NA,NA,NA,NA,NA,NA,NA,NA,NA,NA,NA,NA
Belgium,BEL,4.245528938,3.978369599,4.052362402,4.324380531,4.779765467,4.747574751,4.965015079,4.686348222,4.756865911,4.907000393,4.644121943,4.829115873,4.834821205,4.952916477,5.030831998,5.044312923,5.043515143,4.479578005,4.550017127,4.202974303,4.203650408,4.168978327,4.031706324,4.817535653,4.266994204,4.225508884,3.568557341,3.745169677,3.861101553,3.987706899,4.005396119,4.102110225,4.003741102,4.157923182,4.312353993,3.302963669,3.615406448,3.953318111,4.000654479,3.943270201,4.04636986,4.01891447,4.358560394,4.562841699,4.9226524209999996,4.879057961,5.134362116,5.150548576,5.132640804,4.527257268,4.98922647,4.904654776,4.981676873,5.189524556
Belize,BLZ,NA,NA,NA,NA,NA,NA,NA,NA,NA,NA,NA,NA,NA,NA,NA,NA,NA,NA,NA,NA,NA,NA,2.083248877,NA,NA,NA,NA,NA,NA,NA,NA,NA,NA,NA,NA,NA,NA,NA,NA,NA,NA,NA,NA,NA,NA,NA,NA,NA,NA,NA,NA,NA,NA,NA
Benin,BEN,0.105950179,0.105224204,0.094649261,0.164003332,0.202256879,0.232383268,0.218907184,0.224295331,0.188477274,0.195455135,0.219456927,0.233236781,0.209825442,0.236142505,0.269601429,0.316243377,0.330255334,0.341531819,0.364545704,0.332370298,0.321874261,0.339325188,0.356046809,0.105297035,0.100473109,0.113987573,0.118347756,0.115323846,0.12834174,0.117930703,0.118436174,0.120972382,0.111296651,0.110889883,0.106391656,0.050224275,0.051440174,0.050472819,0.054615915,0.059145473,0.050491249,0.059422506,0.065180135,0.076134422,0.09647748,0.103316601,0.125537712,0.116796183,0.12604872,0.138589927,0.111539844,0.112280596,0.12863102,0.123833578
Bhutan,BTN,0.125836201,0.116223073,0.093202565,0.081723076,0.121935243,0.141932575,0.147966178,0.204204827,0.201620894,0.192864345,0.22932894,0.230975126,0.1762176,0.191860239,0.209259415,0.037204077,0.334733643,0.100808456,0.268418321,0.470359207,0.758281566,0.881956248,0.846702552,0.009882775,0.004488901,0.011224717,0.020296015,0.044490243,0.067789257,0.060664251,0.079794113,0.084529863,0.048976553,0.079652685,0.101045276,NA,NA,NA,NA,NA,NA,NA,NA,NA,NA,NA,NA,NA,NA,NA,NA,NA,NA,NA
Bolivia,BOL,0.316926579,0.317263755,0.327266958,0.358524129,0.339350614,0.346665788,0.388242876,0.339631196,0.579723728,0.326229411,0.34210332,0.350024353,0.362108853,0.393420944,0.449966025,0.479847752,0.557195513,0.532071107,0.584076858,0.682417191,0.707943656,0.697155427,0.74545503,0.289560887,0.309569694,0.289053263,0.288870002,0.264687985,0.26123935,0.245909373,0.263691162,0.24153786,0.253793859,0.277971002,0.294128104,0.042691209,0.046874873,0.053888779,0.063084216,0.068808455,0.069664893,0.065640126,0.069002625,0.086120951,0.094216249,0.126223879,0.129247831,0.140530633,0.150419836,0.212124176,0.223809002,0.252585114,0.285298607,0.29588545
Bosnia and Herzegovina,BIH,NA,NA,0.433663241,0.50121587,0.536569523,0.815053228,1.010460858,0.903618486,1.255902612,1.277828431,1.340579106,1.362129045,1.44342207,1.509958258,1.488698156,1.680338779,1.841617625,1.752929929,1.671280285,1.905596912,1.811870682,1.672606664,1.80948262,NA,NA,NA,NA,NA,NA,NA,NA,NA,NA,NA,NA,NA,NA,NA,NA,NA,NA,NA,NA,NA,NA,NA,NA,NA,NA,NA,NA,NA,NA,NA
Botswana,BWA,NA,NA,NA,NA,NA,NA,NA,NA,NA,NA,NA,NA,NA,NA,NA,NA,NA,NA,NA,NA,NA,NA,1.822608916,NA,NA,NA,NA,NA,NA,NA,NA,NA,NA,NA,NA,NA,NA,NA,NA,NA,NA,NA,NA,NA,NA,NA,NA,NA,NA,NA,NA,NA,NA,NA
Brazil,BRA,0.485097468,0.516317345,0.540920809,0.634986873,0.702444362,0.681652534,0.678067427,0.649034803,0.666740816,0.66308697,0.626128463,0.592484657,0.612545036,0.59350575,0.615873372,0.672496226,0.72611218,0.665221262,0.80930314,0.847135268,0.856630208,0.909183837,0.929040734,0.612116924,0.505971311,0.484408625,0.414921744,0.397295251,0.40644398,0.503242163,0.47858203,0.454427752,0.458674635,0.46948924,0.488120225,0.259409129,0.273454194,0.277410078,0.269614958,0.25601201,0.291244089,0.291831523,0.344833333,0.365973781,0.406155435,0.430967925,0.46466103,0.542401643,0.589670597,0.568612981,0.612664505,0.611693078,0.635269932,0.660297413
Brunei Darussalam,BRN,1.819168458,1.778313902,2.481595703,3.44218057,3.261543485,3.670218844,4.981614161,3.990601264,3.563328745,2.485269487,2.446229095,2.927697667,4.256238787,3.219107415,4.462048964,4.187688176,4.556501546,3.941357114,3.868009203,4.358740197,4.120000111,4.035270038,4.357838487,NA,1.127578012,1.915409413,2.053905801,3.309457315,2.974031253,1.809116266,1.945699992,0.970942695,1.83963686,2.252387887,2.214249533,NA,NA,NA,NA,NA,NA,NA,NA,NA,NA,NA,NA,NA,NA,NA,NA,NA,NA,NA
Bulgaria,BGR,NA,NA,NA,NA,NA,NA,NA,NA,NA,NA,NA,NA,NA,NA,NA,NA,NA,NA,NA,NA,NA,NA,1.948920798,NA,NA,NA,NA,NA,NA,NA,NA,NA,NA,NA,NA,NA,NA,NA,NA,NA,NA,NA,NA,NA,NA,NA,NA,NA,NA,NA,NA,NA,NA,NA
Burkina Faso,BFA,0.041417122,0.039804044,0.040688071,0.039977153,0.044565142,0.050702455,0.053541521,0.056966968,0.052055745,0.031410132,0.030358581,0.056577905,0.057555955,0.066747339,0.07529527,0.084345933,0.089482125,0.087837824,0.09534276,0.102714074,0.133193239,0.148683139,0.122953376,0.048313245,0.052667587,0.056198823,0.051414972,0.04713248,0.050639436,0.043950885,0.041376145,0.041796375,0.052069227,0.042482782,0.041676691,0.015560665,0.015095949000000001,0.01796766,0.019481514,0.016300717,0.015921811,0.014347654,0.014616999,0.018905457,0.020708096,0.02242441,0.023001796,0.026356786,0.034231732,0.030373001,0.028935894,0.036253314,0.044830397,0.050285931
Burundi,BDI,0.028948027,0.029299763,0.028511694,0.029367551,0.021312409,0.019703624,0.024225767,0.025676424,0.02397107,0.019827661,0.019748032,0.017954322,0.019856282,0.021119933,0.032342118,0.022520685,0.021605528,0.030871989,0.028094698,0.038797449,0.039506265,0.035303802,0.030091943,0.028046473,0.028622633,0.027877946,0.030815369,0.031743111,0.032082619,0.031813393,0.032226797,0.030528056,0.032563835,0.02871297,0.030393928,0.019443521,0.016515877,0.018569478,0.019216693,0.018873573,0.020109594,0.019650704,0.020309679,0.022116652,0.021076775,0.022256672,0.022099473,0.022390816,0.024409068,0.021397373,0.022755298,0.024252542,0.024552607,0.025266923
Cameroon,CMR,0.103054115,0.103047937,0.103694795,0.102037393,0.096413734,0.116138663,0.118142101,0.11084199,0.123639573,0.13404637,0.132909888,0.12348903,0.144171236,0.139043641,0.138777792,0.152388417,0.164608202,0.173409763,0.187811245,0.192571307,0.203074224,0.198640553,0.204179565,0.164110104,0.146794398,0.131815955,0.137758065,0.145468622,0.159225919,0.158844489,0.151023217,0.141442368,0.131793221,0.113300064,0.107369705,0.052955353,0.053240194,0.058119408,0.069885663,0.061022423,0.057288913,0.083658583,0.088246592,0.089907596,0.117174076,0.114647422,0.117652514,0.110701653,0.108706411,0.11888882,0.114934079,0.133548005,0.147934,0.159926966
Canada,CAN,4.699352548,4.684044433,4.706419503,4.724898544,4.870328974,5.077936828,5.194313468,5.146734286,5.475445764,5.356823165,5.368540766,5.720628012,5.69435884,5.88024857,5.96115626,6.041125913,5.771236758,5.54535302,5.794213741,5.781412439,5.47771712,5.515381883,5.361606628,5.453803291,5.00595566,4.750441998,4.312254785,4.462407752,4.569060966,4.657489259,4.651849438,5.042954429,5.2465456,4.890646893,4.604111926,3.230897892,3.449296447,3.709888074,3.93613866,4.167008799,4.238321605,4.469565506,4.662729183,4.821830631,5.028238616,5.136268901,5.378446789,5.513301148,5.506214751,5.484413434,5.506802691,5.450653251,5.452871517,5.584265947
Central African Republic,CAF,0.042248005,0.041038245,0.047789881,0.055715648,0.043979653,0.037669258,0.034896924,0.038028653,0.039175238,0.031837111,0.029924086,0.03258874,0.034238078,0.010451439,0.042690181,0.036275328,0.018803516,0.042106838,0.038147249,0.038203978,0.037371399,0.028510957,0.038263612,0.007029144,0.01373212,0.0168813,0.019087339,0.021483366,0.024829192,0.026630582,0.040488409,0.03864399,0.042236197,0.037591437,0.039909869,0.036410734,0.033063926,0.033666988,0.031698521,0.037744418,0.037215364,0.041722608,0.053939248,0.044577871,0.047887615,0.036883045,0.033007595,0.030766128,0.016319092,0.014301632,0.012813535,0.014590775,0.019602738,0.014520107
Chad,TCD,0.015611543,0.015494805,0.014445828,0.014102242,0.016002175,0.013319803,0.015611486,0.015180039,0.015736995,0.017656926,0.01606877,0.024171137,0.020931643,0.022098217,0.027096725,0.030682042,0.03136074,0.03438159,0.033868113,0.034332861,0.034402884,0.036286851,0.033884716,0.025497768,0.024951707,0.023430418,0.024455248,0.023175341,0.021692721,0.022523382,0.021946301,0.0147035,0.015970927,0.016728769,0.014876706,0.011159956,0.014587551,0.007863991,0.013446302,0.00952055,0.0057243,0.014613509,0.019184915,0.027275314,0.026035104,0.02913538,0.017908873,0.023979492,0.022585874,0.024786848,0.023363527,0.027461035,0.024608626,0.023917571
Chile,CHL,0.647709449,0.708277909,0.709753882,0.803434381,0.981800584,1.061746502,1.095104184,1.027664756,1.146019201,0.901367108,0.964981345,0.964530252,1.017561134,1.036327401,1.117097827,1.440351199,1.643119142,1.487273876,1.777860953,1.94557882,2.029886583,2.104900656,1.775369719,0.570181211,0.665675249,0.434012926,0.402446418,0.450542588,0.378847583,0.414131079,0.448121899,0.539203874,0.650838783,0.64485252,0.621509651,0.587962925,0.659186489,0.590787218,0.583518322,0.57754364,0.592979452,0.620164584,0.784934211,0.741074797,0.880277189,0.815228288,0.806062179,0.778130618,0.737759197,0.564148057,0.508304001,0.539838658,0.648825656,0.625326113
China,CHN,0.79156879,0.859894547,0.884264958,0.964003646,0.971772521,0.973396305,0.991414498,0.965780726,1.017526547,1.075171004,1.153025657,1.323811974,1.509046389,1.66972947,1.801811469,1.942156046,1.986930881,2.185038577,2.335855735,2.51417535,2.52853227,2.6116156,2.580072223,0.569380961,0.543325175,0.55073474,0.567988147,0.608797308,0.601903406,0.626140177,0.660399605,0.703869465,0.723970044,0.712883158,0.746002329,0.280403428,0.224540062,0.224589309,0.222180711,0.23816242,0.257527866,0.213137082,0.223417676,0.266933284,0.349039333,0.386398912,0.403362474,0.417138242,0.409999898,0.460662425,0.47701324,0.527918963,0.5856846,0.597513165
Colombia,COL,0.606388644,0.646144958,0.655923075,0.665579049,0.638837676,0.677155789,0.6519413,0.542779369,0.554333791,0.555002675,0.537559667,0.532145652,0.546663221,0.564481331,0.590047832,0.605301682,0.603169696,0.587497296,0.632430654,0.678371033,0.67041,0.699275409,0.715525098,0.579590492,0.550732609,0.543642568,0.548461687,0.5426963,0.554603555,0.5462747,0.546200651,0.569596706,0.567388986,0.566593392,0.553142711,0.35186911,0.366883936,0.408212161,0.41382006,0.400575251,0.428125282,0.419246305,0.456159009,0.465616077,0.469549342,0.499689854,0.487576021,0.517904767,0.535149493,0.470763884,0.489706107,0.524756334,0.563085683,0.56595419
Costa Rica,CRI,0.76046891,0.77430232,0.862199847,0.850198876,1.530332761,0.924979036,0.986350103,1.088906801,0.92164983,1.015749525,1.032150112,0.921296915,0.930508473,0.84217492,1.030314204,1.153150492,1.121752122,0.845057135,0.999011572,1.0401153,1.0549346530000001,1.073901789,1.059442603,0.705692993,0.524598341,0.437438761,0.402955405,0.466655894,0.461072447,0.505391388,0.570622643,0.574838167,0.573439837,0.595957755,0.610121913,0.294831186,0.30150296,0.340940718,0.331335655,0.406224788,0.386553875,0.348027349,0.400021594,0.445105209,0.52779825,0.570043878,0.585968291,0.662142033,0.664198323,0.622734267,0.633278628,0.784297942,0.777398325,0.765985366
Croatia,HRV,NA,NA,NA,1.453582101,1.474136155,1.805179389,1.902559577,1.753415604,1.82636225,2.001003407,2.180304647,2.449398483,2.440005418,2.521344436,2.730504839,2.910820195,2.757156458,2.400952391,2.345839648,2.364366369,2.209734118,2.046552639,1.945851806,NA,NA,NA,NA,NA,NA,NA,NA,NA,NA,NA,NA,NA,NA,NA,NA,NA,NA,NA,NA,NA,NA,NA,NA,NA,NA,NA,NA,NA,NA,NA
Cuba,CUB,1.021428724,0.93090821,0.947538855,0.954915943,1.005786604,1.040121939,0.993409419,0.985590995,1.013618872,1.011197909,0.918007699,0.918873961,0.9363566,1.004570661,1.052940642,1.096581181,1.09848319,1.183465723,1.349697465,1.273284563,1.270171763,1.209944661,1.169212891,1.655969134,1.536623133,1.447781595,1.496639407,1.542574595,1.402298482,1.445109189,1.492879282,1.573691506,1.671160351,1.492159754,1.225474354,NA,NA,NA,NA,NA,NA,NA,NA,NA,1.224612717,1.266357806,1.257381173,1.372884519,1.426257305,1.365972409,1.436444825,1.49004464,1.517080278,1.54352526
Czech Republic,CZE,NA,3.892927469,3.491787374,3.938047822,4.106256042,3.9999343,3.881919976,3.543003478,3.650417803,3.785604208,3.807270562,3.782558857,4.85556334,3.966596962,4.085762998,4.100014716,4.0917755,3.728177059,4.055932725,3.930534752,3.563515031,3.502392651,3.451645332,NA,NA,NA,NA,NA,NA,NA,NA,NA,NA,NA,NA,NA,NA,NA,NA,NA,NA,NA,NA,NA,NA,NA,NA,NA,NA,NA,NA,NA,NA,NA
Denmark,DNK,4.475173953,4.472010705,4.5263819,4.604481902,4.429012955,4.452351771,4.351556564,4.108697491,4.096122471,4.058796159,4.028319864,4.022337697,3.970426399,3.874983544,3.933638545,3.894664337,3.961181768,3.291114895,3.280949859,3.27546266,3.158417154,3.161471356,3.376198571,5.101846233,4.490369421,4.422766453,4.13330595,4.356321147,4.721999814,4.960378136,4.877582362,4.955036326,4.83920046,4.672156898,4.687968836,3.197855862,3.458521953,3.534804358,3.832267714,4.098608447,4.31152237,4.192062757,4.259306168,4.858523909,5.152393185,4.911510537,5.082358023,5.34462677,4.605661025,4.565187708,5.255694771,5.317309311,5.369520639,5.670997956
Djibouti,DJI,NA,NA,NA,NA,NA,NA,NA,NA,NA,NA,NA,NA,NA,NA,NA,NA,NA,NA,NA,NA,NA,NA,0.422586069,NA,NA,NA,NA,NA,NA,NA,NA,NA,NA,NA,NA,NA,NA,NA,NA,NA,NA,NA,NA,NA,NA,NA,NA,NA,NA,NA,NA,NA,NA,NA
Dominican Republic,DOM,0.569124025,0.547577693,0.625221629,0.655523748,0.751636491,0.82744505,0.935265616,0.960599976,0.999144247,0.991326448,0.975111604,0.77648888,0.708650639,0.79869848,0.866172181,0.904502945,0.879272731,0.776974008,0.934406755,0.949808391,0.878912316,0.917784305,0.903590589,0.56039931,0.49302488,0.465506688,0.505774744,0.499186838,0.435544726,0.486747424,0.540895452,0.537551159,0.560829726,0.500538399,0.512725376,0.210406092,0.22758128,0.249625795,0.279142577,0.263593219,0.252718005,0.235982889,0.33662411800000003,0.337159987,0.403578698,0.422089798,0.511820728,0.488675528,0.531072174,0.494459384,0.476315458,0.554697534,0.528922859,0.54656671
Ecuador,ECU,NA,NA,NA,NA,NA,NA,NA,NA,NA,NA,NA,NA,NA,NA,NA,NA,NA,NA,NA,NA,NA,NA,1.159023818,NA,NA,NA,NA,NA,NA,NA,NA,NA,NA,NA,NA,NA,NA,NA,NA,NA,NA,NA,NA,NA,NA,NA,NA,NA,NA,NA,NA,NA,NA,NA
El Salvador,SLV,0.463433843,0.451439009,0.490473911,0.525247914,0.502345369,0.580178385,0.519291509,0.616531718,0.624073648,0.677523428,0.66994134,0.709748621,0.718478531,0.774521238,0.799604617,0.827029833,0.749662976,0.691342562,0.728774768,0.752274642,0.745881436,0.748717393,0.752881332,0.288188754,0.285710305,0.253773527,0.266384427,0.297752375,0.277459224,0.261307641,0.30751153,0.318179769,0.317083201,0.343953836,0.376419132,NA,NA,NA,NA,0.21978284,0.246161144,0.220364881,0.249589901,0.2401838,0.26261614,0.295006668,0.308606727,0.352941074,0.340900377,0.332583819,0.370115489,0.417666177,0.387357432,0.336422687
Equatorial Guinea,GNQ,0.134813625,0.081672255,0.026378249,0.099234675,0.085272196,0.209610539,0.114350533,0.308318579,0.291610757,1.922143725,2.982153297,3.533292223,3.003149341,2.643033496,2.609664541,2.556223965,2.336517357,2.301508697,2.294794387,2.901699495,2.309853744,2.260686415,2.239436681,0.093297006,0.102453232,0.098613335,0.076121478,0.091736541,0.070597783,0.08230375,0.097465435,0.102342659,0.110033512,0.059478958,0.125256031,NA,NA,NA,NA,NA,NA,NA,NA,NA,NA,NA,NA,NA,NA,NA,NA,NA,NA,NA
Eritrea,ERI,NA,0.065777671,0.077056236,0.087715018,0.097857734,0.0852526,0.061886935,0.05950382,0.057832392,0.065353439,0.062861758,0.104850006,0.060126802,0.050294928,0.041188752,0.040296493,0.031670819,0.030697707,0.038134157,0.040810115,NA,NA,NA,NA,NA,NA,NA,NA,NA,NA,NA,NA,NA,NA,NA,NA,NA,NA,NA,NA,NA,NA,NA,NA,NA,NA,NA,NA,NA,NA,NA,NA,NA,NA
Estonia,EST,NA,NA,NA,3.131690387,3.751938163,4.674363616,4.315007544,4.010813906,3.04256518,3.114086753,3.704808568,4.556033155,4.999178059,4.004399608,4.479302179,4.623520579,3.906712646,3.271082131,3.264518356,3.070915384,3.280189923,3.284783129,3.203387418,NA,NA,NA,NA,NA,NA,NA,NA,NA,NA,NA,NA,NA,NA,NA,NA,NA,NA,NA,NA,NA,NA,NA,NA,NA,NA,NA,NA,NA,NA,NA
Ethiopia,ETH,NA,0.021291566,0.022767189,0.026616130000000002,0.026465879,0.025705041,0.029287163,0.032478339,0.029775304,0.036165776,0.035901085,0.059996061,0.042706495,0.049208347,0.049752901,0.054102557,0.060178934,0.06416198,0.059361451,0.065119415,0.070032651,0.085512162,0.10664407099999999,NA,NA,NA,NA,NA,NA,NA,NA,NA,NA,NA,NA,NA,NA,NA,NA,NA,NA,NA,NA,NA,NA,NA,NA,NA,NA,NA,NA,NA,NA,NA
Fiji,FJI,0.61266357,0.543417278,0.63853594,0.643497645,0.713416865,0.722596116,0.719122103,0.749146862,0.8554469,0.821351719,0.686527734,0.845131327,0.937970644,0.79265375,0.907899903,0.857077467,0.746414141,0.626304345,0.788952506,0.710965859,0.724044784,0.799917143,0.981558591,0.71201032,0.873060999,0.683559934,0.609862236,0.528511916,0.517263979,0.490064687,0.421225159,0.46697062,0.545904031,0.677437722,0.538278558,0.225973087,0.270947795,0.267489911,0.468785705,0.385497418,0.437809876,0.457663863,0.482901325,0.525965375,0.673953414,0.597335507,0.673141607,0.726807183,0.712308247,0.657309428,0.535897549,0.79350646,0.754021366,0.812850703
Finland,FIN,NA,NA,NA,NA,NA,NA,NA,NA,NA,NA,NA,NA,NA,NA,NA,NA,NA,NA,NA,NA,NA,NA,4.014663048,NA,NA,NA,NA,NA,NA,NA,NA,NA,NA,NA,NA,NA,NA,NA,NA,NA,NA,NA,NA,NA,NA,NA,NA,NA,NA,NA,NA,NA,NA,NA
France,FRA,3.072392754,2.809081935,2.897277026,2.959127947,2.993993581,2.95265326,3.103329184,3.032800513,3.085213838,3.118211333,3.010026709,3.095347951,3.20020026,3.235305574,3.248520927,3.312721759,3.299634842,2.962375388,3.098510886,3.021697071,2.847413293,2.822712353,2.594311057,3.70710054,3.18718311,3.074302844,2.872827904,2.684606271,2.745786538,2.841433025,2.903725463,2.962858574,3.08130341,3.109377985,3.194452631,2.14947851,2.308495209,2.464829936,2.634133191,2.577488735,2.604467599,2.728421593,2.841639772,3.083390123,3.387625415,3.528192338,3.664256448,3.979482011,3.743927941,3.3755719810000002,3.753476678,3.615260845,3.640565866,3.795887804
Gabon,GAB,NA,NA,NA,NA,NA,NA,NA,NA,NA,NA,NA,NA,NA,NA,NA,NA,NA,NA,NA,NA,NA,NA,0.926120167,NA,NA,NA,NA,NA,NA,NA,NA,NA,NA,NA,NA,NA,NA,NA,NA,NA,NA,NA,NA,NA,NA,NA,NA,NA,NA,NA,NA,NA,NA,NA
Georgia,GEO,NA,NA,NA,NA,NA,NA,NA,NA,NA,NA,NA,NA,0.448418793,0.556703254,0.616401331,0.727048365,0.727861548,0.662459465,0.675873521,0.815827679,0.933709725,0.944968659,1.093621274,NA,NA,NA,NA,NA,NA,NA,NA,NA,NA,NA,NA,NA,NA,NA,NA,NA,NA,NA,NA,NA,NA,NA,NA,NA,NA,NA,NA,NA,NA,NA
Germany,DEU,4.342122231,4.091576887,4.104758354,4.06773789,4.085024218,3.932753384,3.942370664,3.640704955,3.668377146,3.709848738,3.580325099,3.605138575,3.532000696,3.506536783,3.679608148,3.526114982,3.600920157,3.389127327,3.703601495,3.61291221,3.435647392,3.456741677,3.24154937,5.119735855,4.778453644,4.555816029,4.532874695,4.587746706,4.634232908,4.714042076,4.670284811,4.628533891,4.554148377,4.502638062,4.499407412,NA,NA,NA,NA,NA,NA,NA,NA,NA,4.907020536,4.908648912,5.065785841,5.258539233,4.874793813,4.696134586,5.017988221,4.973473469,5.166517115,5.436571917
Ghana,GHA,0.169600533,0.158993563,0.161175868,0.167011364,0.16894407,0.179242868,0.249061624,0.270567959,0.22351299,0.210602863,0.237194621,0.233756438,0.229436525,0.237848787,0.309448729,0.34313325,0.315823359,0.298675829,0.328661076,0.406540665,0.415241776,0.401752033,0.385263375,0.15089125,0.140145218,0.129875822,0.104635108,0.118045207,0.131861047,0.138865567,0.1459602,0.152725033,0.159630261,0.159880915,0.161431749,0.155978477,0.157905106,0.172830299,0.152240369,0.176999692,0.146169973,0.148070205,0.205764217,0.145935928,0.204154675,0.180453105,0.175614088,0.187630546,0.217422107,0.222614415,0.192316548,0.224608727,0.190185947,0.149741424
Greece,GRC,2.931392796,2.857062263,2.807409723,2.983274012,3.168978265,2.970965991,3.122383193,3.013438393,3.638946931,3.646455424,3.458843257,3.758881451,3.913420854,3.899154653,4.06562895,4.343921348,3.925979983,3.75084004,3.252790868,2.983336028,2.660348735,2.431625311,2.47973905,1.916267632,1.847038807,1.929252628,2.012237006,2.027020008,2.172102959,2.184160979,2.449584427,2.498762432,2.774049156,2.837711954,2.845100417,0.551034959,0.585955342,0.639944737,0.720250197,0.847701042,0.927161739,0.955093177,1.013742821,1.102461326,1.219086523,1.433547971,1.653014803,1.935800639,1.856445155,1.788889416,2.205230488,1.896795823,1.919693934,2.108414123
Guatemala,GTM,NA,NA,NA,NA,NA,NA,NA,NA,NA,NA,NA,NA,NA,NA,NA,NA,NA,NA,NA,NA,NA,NA,0.56726905,NA,NA,NA,NA,NA,NA,NA,NA,NA,NA,NA,NA,NA,NA,NA,NA,NA,NA,NA,NA,NA,NA,NA,NA,NA,NA,NA,NA,NA,NA,NA
Guinea,GIN,0.047754683,0.04890267,0.05572931,0.08328489,0.09178021,0.070566083,0.057407772,0.065575772,0.108506623,0.108249736,0.089325337,0.106375474,0.122701919,0.133310444,0.128665599,0.119303439,0.145412729,0.150482812,0.167685411,0.176520266,0.168947439,0.163232527,0.166816448,NA,NA,NA,NA,NA,NA,0.077176879,0.067010424,0.069257828,0.080308447,0.069524772,0.051441106,NA,NA,NA,NA,NA,NA,NA,NA,NA,NA,NA,NA,NA,NA,NA,NA,NA,NA,NA
Guinea-Bissau,GNB,0.090038386,0.089333303,0.088113387,0.125514398,0.085472643,0.089024224,0.078760042,0.081664154,0.068274923,0.068145482,0.068146206,0.057950840000000003,0.06191419,0.079460246,0.091476858,0.100574919,0.095327505,0.102402207,0.106314179,0.106603649,0.103617578,0.108082781,0.10200239,0.096970243,0.092029898,0.089376464,0.086839277,0.092528689,0.095364781,0.098083074,0.100588751,0.107444134,0.111026668,0.09006974,0.090300225,NA,NA,NA,NA,NA,NA,NA,NA,NA,0.076290022,0.083447516,0.076054392,0.093755929,0.085138509,0.098534144,0.086907,0.082423833,0.081052314,0.084444793
Guyana,GUY,0.496919568,0.539958189,0.747590011,0.83463823,0.904812429,0.974975002,1.02598346,1.025896586,0.886862784,0.735923465,1.037704272,0.913911953,0.858503453,0.822337142,0.68174824,1.022261853,1.104870548,1.081197991,0.891385359,1.250045034,1.456100787,1.413117513,1.238891428,0.869468107,0.885129299,0.679539972,0.579172875,0.633926082,0.635729913,0.45900754,0.56985104,0.609392851,0.496143126,0.461810571,0.443239754,0.689525689,0.643801983,0.636558145,0.629297823,0.878728634,0.902053528,1.008061818,1.082747692,1.05681063,1.201979965,1.227198471,1.188747756,1.323004311,1.13009887,1.206364268,0.985075911,1.026276609,0.97700994,0.725535744
Haiti,HTI,NA,NA,NA,NA,0.121708315,0.125682034,0.123971178,0.126593894,0.110822202,0.117097439,0.120815346,0.110475709,0.126121392,0.118739606,0.120829481,0.131656367,0.133061586,0.122811781,0.126156625,0.125510126,0.123654804,0.122203143,0.13676674,NA,NA,NA,NA,NA,NA,NA,NA,NA,NA,NA,NA,NA,NA,NA,NA,NA,NA,NA,NA,NA,NA,NA,NA,NA,NA,NA,NA,NA,NA,NA
Hungary,HUN,NA,NA,NA,NA,NA,NA,NA,NA,NA,NA,NA,NA,NA,NA,NA,NA,NA,NA,NA,NA,NA,NA,2.054976331,NA,NA,NA,NA,NA,NA,NA,NA,NA,NA,NA,NA,NA,NA,NA,NA,NA,NA,NA,NA,NA,NA,NA,NA,NA,NA,NA,NA,NA,NA,NA
India,IND,0.240554098,0.244329059,0.257713261,0.273635404,0.279113518,0.290766315,0.294241373,0.310617989,0.309129806,0.308503028,0.310448217,0.318373291,0.342305424,0.357042081,0.376570381,0.41275403,0.432548625,0.482055278,0.502577492,0.51410606700000006,0.541529178,0.544983755,0.582396737,0.149494659,0.15551966,0.158954641,0.161996447,0.174807358,0.181338894,0.193222275,0.200256239,0.207480669,0.217389821,0.222533313,0.23426018,0.095259716,0.102619204,0.108169493,0.102896926,0.112285562,0.115755535,0.113448091,0.120746652,0.118709359,0.119042967,0.125939321,0.129001263,0.127631061,0.13299882699999999,0.135541345,0.138945585,0.140424981,0.136169747,0.145694941
Indonesia,IDN,0.314334351,0.336757853,0.35972538,0.411142238,0.41487725,0.44046508,0.39177886,0.412039404,0.415551506,0.434954947,0.434155692,0.459319915,0.488327601,0.4796583,0.48878535,0.502372975,0.530590789,0.531735927,0.562261539,0.546457182,0.558245262,0.519451213,0.612463151,0.187307542,0.209733049,0.219239377,0.213627812,0.192277149,0.188183404,0.204292168,0.210338895,0.216600582,0.224864731,0.284633699,0.301754852,0.048678315,0.039927993,0.045049517,0.045858521,0.054237852,0.054663123,0.062176081,0.069134723,0.080946899,0.084493338,0.090689077,0.096770076,0.104267997,0.112817137,0.116597209,0.118833383,0.129591717,0.149222952,0.163574684
Iraq,IRQ,NA,NA,NA,NA,NA,NA,NA,NA,NA,NA,NA,NA,NA,NA,NA,NA,NA,NA,NA,NA,NA,NA,1.472860363,NA,NA,NA,NA,NA,NA,NA,NA,NA,NA,NA,NA,NA,NA,NA,NA,NA,NA,NA,NA,NA,NA,NA,NA,NA,NA,NA,NA,NA,NA,NA
Ireland,IRL,3.505134804,3.158309474,3.4723904,3.417090643,3.704485087,3.562159108,3.781904102,4.284096036,3.865094953,3.802084211,3.498610501,3.340762011,3.391072677,3.611560652,3.983658651,3.811989117,3.780613656,2.998665423,2.925797344,2.519872009,2.391764567,2.503279362,2.584524091,3.510634051,3.402946217,3.185884745,3.069665915,2.864923554,3.038641458,3.120547661,3.316992227,3.050096237,3.261423799,3.541659672,3.512237643,NA,NA,NA,NA,NA,NA,NA,NA,NA,3.140360557,3.440000692,3.418859346,3.639499062,3.588604305,3.021033224,3.293101779,3.360582599,3.43694713,4.098680044
Israel,ISR,3.15351042,3.352990527,3.44097912,3.547253514,3.623473617,3.543884781,3.586567954,3.561758755,3.718012522,4.007758851,4.043737947,3.833710983,4.152408785,3.841235249,3.97937445,3.95561223,3.792150949,3.4682639,3.849311246,4.394135876,4.665115338,4.144684042,3.153951409,2.084443574,2.207102197,2.218138654,2.246133378,2.314192825,2.38042916,2.63045522,2.80710377,2.963871666,3.045361271,3.080489967,3.077571465,1.235231009,1.316264333,1.402480715,1.44272773,1.890035976,1.920595753,1.934684495,2.043596947,2.106381319,2.3258711,2.289618693,2.349023269,2.455001789,2.316093746,2.397499021,2.346917003,2.379659095,2.311991198,2.346357413
Italy,ITA,3.124000192,2.924368084,3.010624232,3.146173366,3.047947867,3.170931942,3.295679813,3.312211864,3.391236946,3.364035061,3.416519214,3.609256104,3.653906182,3.682537391,3.720730987,3.716079361,3.480518738,3.179321445,3.366155694,3.252618732,2.836803981,2.664609131,2.526395252,2.79254302,2.563407167,2.47407978,2.421977425,2.519175163,2.565416067,2.689258371,2.782917153,2.867321572,3.047096131,3.120430127,3.159928462,1.042369112,1.1783138419999999,1.333493464,1.394183889,1.473343077,1.618005197,1.791148358,1.878590278,2.085269586,2.372048625,2.398246729,2.5613185,2.765870539,2.700468367,2.467725054,2.702094513,2.557326396,2.553389221,2.793997907
Jamaica,JAM,NA,NA,NA,NA,NA,NA,NA,NA,NA,NA,NA,NA,NA,NA,NA,NA,NA,NA,NA,NA,NA,NA,0.960811098,NA,NA,NA,NA,NA,NA,NA,NA,NA,NA,NA,NA,NA,NA,NA,NA,NA,NA,NA,NA,NA,NA,NA,NA,NA,NA,NA,NA,NA,NA,NA
Japan,JPN,3.693177151,3.6325744700000002,3.806362751,3.901490928,3.930392079,3.897754551,3.672401287,3.727909283,3.723915495,3.688431027,3.635643381,3.686719938,3.700440087,3.744489942,3.718339887,3.750628083,3.619249904,3.291544055,3.509181692,3.557633427,3.564087483,3.626817136,3.523814043,3.165554639,2.933160662,2.795021236,2.7753776,2.962814501,2.907682629,2.991380327,3.074529434,3.419113155,3.53287693,3.757451129,3.77549927,1.19442673,1.263487827,1.418479054,1.619233721,1.669150477,1.90491766,2.278933568,2.439463125,2.772095306,3.099453333,3.084697339,3.229936689,3.72619909,3.532932904,3.2154596030000002,3.326661364,3.335063226,3.304267346,3.433059967
Jordan,JOR,0.887181257,0.932571173,0.950273395,0.922299342,0.878513462,0.8985241,0.971013551,0.887025684,0.88621338,1.001776441,0.856829336,0.952331342,1.186323519,1.307782776,1.283411546,1.267864801,1.203755305,1.307127795,1.126929616,1.087731027,1.215984861,1.224374085,1.212657161,0.628956679,0.804539775,0.938066302,0.892139593,0.641211382,0.619235254,0.596013513,0.56741254,0.449169101,0.359239964,0.575820902,0.668391877,NA,NA,NA,NA,NA,NA,NA,NA,NA,NA,NA,NA,NA,NA,0.457104012,0.573137359,0.619535115,0.681282094,0.693621399
Kazakhstan,KAZ,7.94332739,6.171860706,5.810242264,5.243034519,3.084582837,3.586927515,2.953898873,1.397963786,1.614136127,1.992920087,2.325056369,2.986473762,3.010001464,3.320758452,3.837067516,4.226848467,4.887027074,4.191520608,4.525225254,4.807399902,4.674507375,5.129871951,4.505138478,NA,NA,NA,NA,NA,NA,NA,NA,NA,NA,NA,NA,NA,NA,NA,NA,NA,NA,NA,NA,NA,NA,NA,NA,NA,NA,NA,NA,NA,NA,NA
Kenya,KEN,0.137728277,0.126893615,0.131015788,0.150349409,0.148751881,0.144709145,0.149087072,0.146635487,0.153393278,0.164303794,0.14332319,0.132386811,0.149112094,0.15181126,0.166007674,0.171087992,0.173932086,0.191272661,0.201005601,0.206707519,0.198790011,0.212736507,0.208100254,0.175320239,0.156810492,0.136560384,0.120322801,0.13324772,0.135335954,0.146407746,0.146028103,0.142497561,0.146139158,0.141479348,0.140551228,0.11203304,0.118559133,0.128985013,0.131583636,0.124906331,0.132222134,0.124263687,0.12231869,0.128960703,0.135864807,0.149308462,0.152845227,0.160935476,0.164482624,0.16037177,0.169203406,0.180830381,0.180645498,0.162097741
Kuwait,KWT,NA,NA,NA,NA,NA,NA,NA,1.178579695,2.556093159,3.70228354,5.24257168,5.514197521,6.376507292,8.092694666,8.229028645,8.53817294,8.496536818,8.782087727,7.558421319,7.132136373,6.850481625,6.780127288,6.196214233,NA,NA,NA,NA,NA,NA,NA,NA,NA,NA,NA,NA,NA,NA,NA,NA,NA,NA,NA,NA,NA,NA,NA,NA,NA,NA,NA,NA,NA,NA,NA
Latvia,LVA,NA,NA,NA,1.318521156,1.533673377,1.424558329,1.33013074,1.300979169,1.160779021,1.271955335,1.339569637,1.51542367,1.635017094,1.733989231,2.033249488,2.346174226,2.07819593,1.581522355,1.625559875,1.696899378,1.751052102,1.785527475,1.802686139,NA,NA,NA,NA,NA,NA,NA,NA,NA,NA,NA,NA,NA,NA,NA,NA,NA,NA,NA,NA,NA,NA,NA,NA,NA,NA,NA,NA,NA,NA,NA
Lebanon,LBN,2.024096413,2.484190573,2.555758741,2.777313571,2.872212533,3.055191055,2.966066882,2.833462646,2.407904423,2.603279602,2.3084285,2.117628216,2.072567246,1.958767466,1.914678675,1.811895872,2.166567286,2.601614318,2.500573238,2.392544791,2.332226639,2.233933728,2.152040576,NA,NA,NA,NA,NA,NA,NA,NA,2.015173308,2.061375845,2.056947113,2.222710478,NA,NA,NA,NA,NA,NA,NA,NA,NA,NA,NA,NA,NA,NA,NA,NA,NA,NA,NA
Lesotho,LSO,0.341329128,0.343347277,0.344308709,0.345695923,0.343614487,0.344154982,0.335524734,0.335506238,0.368440348,0.401287636,0.438098255,0.483253557,0.452379214,0.454039897,0.456581297,0.45996114,0.462437219,0.500012532,0.493889186,0.4976211,0.510136787,0.527718212,0.514040806,0.371921673,0.35136728,0.336330755,0.329712929,0.336690818,0.335159893,0.331854803,0.336179346,0.345438052,0.34518239,0.326146662,0.332865017,NA,NA,NA,NA,NA,0.300107644,0.304022707,0.315705389,0.329993054,0.354045365,0.358109715,0.36995439,0.387787428,0.381082727,0.367211333,0.37969278,0.38173005,0.38061767,0.386054772
Liberia,LBR,0.04427625,0.068948945,0.06693538,0.079940626,0.079453867,0.086213226,0.098574343,0.090222967,0.085637319,0.089912832,0.092802622,0.100466369,0.108417377,0.119227673,0.130073662,0.110462867,0.084077915,0.075061775,0.119197672,0.110334414,0.097125592,0.121079124,0.088534406,0.311498981,0.270682716,0.032867591,0.090902687,0.065425982,0.104925193,0.094772627,0.089069701,0.10906124,0.090133898,0.063700996,0.019918416,0.118625292,0.122806059,0.15520536099999999,0.140496825,0.129835848,0.1093869,0.068737876,0.104837904,0.172267064,0.195371999,0.252385696,0.194323214,0.195127088,0.268793961,0.22220237,0.232637044,0.306119815,0.265285792,0.308349838
Lithuania,LTU,NA,NA,NA,1.661214715,1.739649535,1.861812877,1.967630356,1.495437212,1.581538756,1.703695826,1.862101032,1.944846258,2.252788618,2.337507785,2.582254145,2.460974622,2.557764176,2.091862336,2.331449196,2.369982635,2.341230328,2.359927287,2.364503694,NA,NA,NA,NA,NA,NA,NA,NA,NA,NA,NA,NA,NA,NA,NA,NA,NA,NA,NA,NA,NA,NA,NA,NA,NA,NA,NA,NA,NA,NA,NA
Luxembourg,LUX,10.88602788,10.83401144,10.9251717,10.53247424,11.36154318,12.16423018,11.39205323,12.43187982,12.01538919,11.21213834,11.34094735,12.22008719,12.78271395,12.75327931,12.59017458,10.18251213,11.6808362,10.2587294,11.33929629,10.87009595,10.41923919,10.18528854,9.447715944,9.613610405,8.165559236,8.381234603,7.452052769,8.51097812,8.847528237,8.837264754,8.700564576,10.00627287,10.35144384,10.53827556,11.01881149,11.11086467,10.9618649,9.738338168,10.45736622,10.8844612,10.90011753,10.73918517,11.03542436,12.40341169,11.85394933,12.00249409,11.13541222,11.43593336,11.57871308,9.706620616,10.68963085,10.30846605,10.84870724,10.32060686
Madagascar,MDG,0.043193051,0.043572619,0.046722534,0.050078413,0.0485999,0.052422656,0.056061621,0.055797053,0.059196916,0.055690376,0.035258064,0.064277671,0.064164153,0.058641148,0.056913841,0.059381901,0.07706135,0.063872125,0.060862511,0.062037309,0.067845596,0.069737902,0.076018481,0.099658694,0.058241462,0.055716872,0.054278943,0.054262827,0.056313685,0.055747629,0.059195222,0.057853083,0.04414373,0.043201804,0.039586591,0.053588479,0.055551169,0.062599813,0.060154374,0.067862431,0.063393259,0.066349445,0.076971255,0.076311135,0.077182975,0.08403024,0.090997881,0.070458288,0.067940412,0.09180638,0.053595397,0.056005527,0.063122688,0.107779969
Malawi,MWI,0.066396452,0.062673753,0.059467786,0.059166775,0.056832355,0.061730995,0.061819484,0.063491455,0.039895423,0.039785207,0.050627098,0.05235178,0.053276672,0.057907805,0.051236158,0.056623347,0.074327044,0.069895021,0.078105274,0.070387476,0.067333249,0.082365448,0.075908381,0.068068464,0.067872446,0.059653185,0.053399743,0.050947609,0.046865907,0.041597277,0.041392148,0.043487376,0.048645096,0.063319498,0.072221406,NA,NA,NA,0.051554017,0.058183779,0.060386787,0.046872038,0.049211598,0.050094242,0.062809775,0.069858118,0.070497688,0.069092334,0.072006019,0.082042632,0.076866359,0.076337045,0.08262949,0.070340171
Malaysia,MYS,1.303558392,1.461471427,1.508716488,1.695884676,1.892617646,1.988825285,1.640653075,2.089643441,1.825438929,1.668539201,1.84785366,1.806275059,1.978438246,2.268876743,2.749267023,2.434322469,2.511261566,2.114976766,2.399719734,2.424219996,2.455175801,2.734164396,2.804944278,0.582027207,0.614824262,0.591971753,0.668525566,0.663002442,0.622143929,0.565040131,0.522089796,0.648924482,0.720417055,0.947806517,1.220860005,0.081688266,0.085369605,0.136369461,0.133093798,0.152740326,0.175213701,0.18493712,0.133871205,0.061038091,0.204640507,0.23432119,0.215174039,0.184665136,0.32511428,0.338300306,0.311015153,0.335252818,0.416808311,0.549335239
Mali,MLI,0.058795418,0.061171409,0.065097995,0.068657412,0.072187464,0.066599282,0.093929331,0.092315716,0.092881754,0.096811976,0.092957862,0.09919644,0.09949855,0.105816679,0.114633363,0.121724777,0.13740287,0.148743862,0.158026545,0.161539812,0.146849395,0.154442352,0.159637762,0.062083162,0.054664659,0.045532159,0.051013958,0.054619249,0.054502341,0.05487081,0.055512126,0.053627684,0.052003552,0.053115278,0.055435451,NA,NA,NA,NA,NA,NA,0.042636328,0.038429368,0.02961892,0.034438941,0.039449143,0.042767066,0.048380298,0.053999764,0.059821077,0.054311479,0.061905634,0.060310965,0.063077271
Malta,MLT,4.212117488,4.883929436,4.871518531,5.049947511,5.224043667,4.711796555,5.784344149,4.845954452,3.862582883,4.423313718,3.765731787,3.356764041,2.965530771,3.696028185,4.1600724080000004,3.763796364,4.436549902,3.367342627,3.511252454,3.285793983,3.239910796,2.876893278,2.946725422,2.308418831,2.397091605,2.580195451,2.281556827,2.647073059,2.590377717,3.306616073,3.4561975130000002,3.719139608,3.966349445,3.83262645,4.028907225,NA,NA,NA,NA,NA,NA,NA,NA,NA,1.347660845,1.400070678,1.640140674,1.626134373,1.570326089,1.588033304,1.727715766,1.915498427,2.075033514,2.156447296
Mauritania,MRT,NA,NA,NA,NA,NA,NA,NA,NA,NA,NA,NA,NA,NA,NA,NA,NA,NA,NA,NA,NA,NA,NA,0.322718412,NA,NA,NA,NA,NA,NA,NA,NA,NA,NA,NA,NA,NA,NA,NA,NA,NA,NA,NA,NA,NA,NA,NA,NA,NA,NA,NA,NA,NA,NA,NA
Mexico,MEX,1.247934281,1.27711869,1.419917851,1.307136224,1.634452851,1.618806738,1.581910971,2.481856783,1.448795364,1.872846689,1.577999283,1.294729781,1.460574567,1.319498347,1.592162494,1.669782388,1.780022584,1.670933863,1.982845119,1.640867182,1.766338624,1.498108921,1.425100202,1.2671673,1.330059051,1.236034342,1.078713885,1.116090241,1.175364862,1.081532945,1.09185588,1.127033038,1.180529146,1.180758859,1.256705176,0.456216716,0.435767382,0.461225733,0.511196481,0.508805716,0.535690468,0.58414477,0.595317552,0.633907197,0.700729439,0.750739193,0.825981141,0.91987687,0.953336824,0.948367268,0.976895972,0.985915222,1.056591264,1.123240899
Moldova,MDA,NA,NA,NA,1.046995928,1.002450146,0.887265344,0.866565626,0.692398065,0.649280868,0.714391795,0.755389715,0.865760499,0.874173519,0.95006123,0.948743065,0.969740242,0.984902984,0.867927447,0.958977517,0.915124877,0.908181271,0.850390004,0.85557045,NA,NA,NA,NA,NA,NA,NA,NA,NA,NA,NA,NA,NA,NA,NA,NA,NA,NA,NA,NA,NA,NA,NA,NA,NA,NA,NA,NA,NA,NA,NA
Mongolia,MNG,NA,NA,NA,NA,NA,NA,NA,NA,NA,NA,NA,NA,NA,NA,NA,NA,NA,NA,NA,NA,NA,NA,4.394634697,NA,NA,NA,NA,NA,NA,NA,NA,NA,NA,NA,NA,NA,NA,NA,NA,NA,NA,NA,NA,NA,NA,NA,NA,NA,NA,NA,NA,NA,NA,NA
Montenegro,MNE,NA,NA,NA,NA,NA,NA,NA,NA,NA,NA,NA,NA,NA,NA,1.968661944,2.578410884,3.179568479,1.915564666,2.170540751,2.263976046,2.140423898,1.95641541,1.976866301,NA,NA,NA,NA,NA,NA,NA,NA,NA,NA,NA,NA,NA,NA,NA,NA,NA,NA,NA,NA,NA,NA,NA,NA,NA,NA,NA,NA,NA,NA,NA
Morocco,MAR,NA,NA,NA,NA,NA,NA,NA,NA,NA,NA,NA,NA,NA,NA,NA,NA,NA,NA,NA,NA,NA,NA,0.709257299,NA,NA,NA,NA,NA,NA,NA,NA,NA,NA,NA,NA,NA,NA,NA,NA,NA,NA,NA,NA,NA,NA,NA,NA,NA,NA,NA,NA,NA,NA,NA
Mozambique,MOZ,0.045579047,0.049077709,0.045571734,0.048497049,0.051185639,0.053442296,0.048228889,0.04326452,0.05775222,0.060866935,0.072466659,0.094908747,0.141494213,0.110336558,0.109512011,0.108849604,0.121583122,0.117823848,0.124650797,0.253924636,0.181148453,0.212318037,0.206527484,0.081642109,0.079926157,0.068244677,0.061639241,0.054008993,0.051773216,0.053742057,0.054048166,0.050757616,0.049656049,0.039975411,0.038519946,NA,NA,NA,NA,NA,NA,NA,NA,NA,NA,NA,NA,NA,NA,NA,NA,NA,NA,NA
Myanmar,MMR,0.041016553,0.045690336,0.053954674,0.064264313,0.069007171,0.069198112,0.075940371,0.08205805,0.088315376,0.084085529,0.080928635,0.096727465,0.095774872,0.100287466,0.095753916,0.09911669,0.081885254,0.077063952,0.086406436,0.083015896,0.086625717,0.121884031,0.180574439,0.064453531,0.060998401,0.060197707,0.057164112,0.06081332,0.061545586,0.064342398,0.049397659,0.047449511,0.046566644,0.043403083,0.042624791,0.048779622,0.052416834,0.049911554,0.054247879,0.049194718,0.045016258,0.058767657,0.053944187,0.048822275,0.066389176,0.070477749,0.066213584,0.052398322,0.057277811,0.057320163,0.059241289,0.06255517,0.061653496,0.063433884
Namibia,NAM,NA,NA,NA,NA,NA,NA,NA,NA,NA,NA,NA,NA,NA,NA,NA,NA,NA,NA,NA,NA,NA,NA,1.07122395,NA,NA,NA,NA,NA,NA,NA,NA,NA,NA,NA,NA,NA,NA,NA,NA,NA,NA,NA,NA,NA,NA,NA,NA,NA,NA,NA,NA,NA,NA,NA
Nepal,NPL,0.065119196,0.072311471,0.077279641,0.083231562,0.086253109,0.092283228,0.090594531,0.103820874,0.110860985,0.115151206,0.107418571,0.11574719,0.114283327,0.120360053,0.112740349,0.115760348,0.118393012,0.123218908,0.191900916,0.1702821,0.16760987,0.191267166,0.20226059,0.042858039,0.037031147,0.037196443,0.046045225,0.047507595,0.043042507,0.046450983,0.049398041,0.050310124,0.048282093,0.055611216,0.062333037,0.012969293,0.013290611,0.016904471,0.018076566,0.019035794,0.019882687,0.021564207,0.024631644,0.030293954,0.022909891,0.022574849,0.028566202,0.033618197,0.033679098,0.028641085,0.026686798,0.034236621,0.032492849,0.042047713
Netherlands,NLD,4.084062533,3.646058354,3.879825505,3.986626236,4.152829413,3.68334909,4.250755703,4.180363532,4.379563371,4.30061488,4.278715107,4.316399112,4.327311381,4.653103299,4.882920156,4.746564724,4.864250699,3.455712633,4.314906421,4.123565695,4.249053638,3.586892951,3.855294733,4.451917539,3.763725712,3.374867355,3.27737713,3.414451798,3.761669242,3.714696644,3.666724111,3.883325782,3.81966644,3.997720575,3.952344993,2.347307586,2.607620625,2.883095423,3.059413021,3.124152264,3.107624833,3.234310811,3.546797762,3.920885534,4.547721374,4.456248972,4.794301796,5.051547428,4.431188574,4.161383238,4.443134258,4.503979591,4.503833229,4.853385873
New Zealand,NZL,1.972977315,1.9826685529999999,2.034098887,2.069071449,2.134804971,2.401265432,2.044335929,2.428386746,2.08907627,2.236417918,2.035336898,2.556552685,2.619112572,2.898677626,2.796455507,2.717407448,2.857137964,2.213413825,2.686920291,2.800029368,2.53616282,2.500703425,NA,2.216690229,2.054613623,2.259566065,2.1081463,2.191145715,2.028314089,1.837789574,1.912644237,1.852756737,1.963542693,1.815166426,1.783185691,NA,NA,NA,NA,NA,NA,NA,NA,NA,NA,NA,NA,NA,NA,NA,NA,2.530137769,2.38886639,2.288303394
Nicaragua,NIC,0.277437044,0.25813642,0.283953767,0.299992528,0.30902123,0.353528226,0.388394448,0.397359115,0.400124653,0.403849504,0.414649599,0.413230119,0.43171231,0.432482666,0.445887172,0.486539982,0.421291944,0.412156352,0.466550098,0.505478669,0.439844857,0.436534934,0.440609171,0.342620534,0.325417222,0.301631564,0.312862437,0.305119647,0.340760477,0.31018233,0.311376675,0.27907994,0.22949424399999999,0.211730802,0.236349246,0.158662916,0.175625635,0.211346976,0.238085966,0.208506526,0.252065413,0.269566945,0.299168085,0.286113512,0.31267217,0.32340342,0.307961908,0.36930343,0.401776595,0.33912218,0.35772365,0.46576721,0.383681172,0.217870804
Niger,NER,0.061729498,0.062438819,0.060480124,0.060414696,0.061001569,0.062586061,0.065782729,0.061917573,0.056126008,0.051367542,0.053673836,0.054535861,0.058896175,0.053291232,0.05146944,0.069340623,0.058080788,0.074901265,0.088577935,0.074191421,0.089021756,0.085395702,0.088647017,0.082221078,0.082436437,0.083749314,0.090294506,0.087507812,0.086179165,0.080183695,0.082654964,0.080698288,0.080670415,0.066603284,0.064596601,0.027619181,0.029704905,0.02803202,0.043602243,0.030985846,0.034976509,0.029814093,0.034118675,0.03515769,0.039973632,0.037268093,0.038269241,0.044608513,0.044526209,0.045411494,0.049913375,0.056847262,0.065592261,0.079406172
Nigeria,NGA,0.173279006,0.161222644,0.144206603,0.15210892,0.16624606,0.181320648,0.158506981,0.136515225,0.151213785,0.187045471,0.192638406,0.238909523,0.254341028,0.273137518,0.273712924,0.240999981,0.218509777,0.263766742,0.303529012,0.263172215,0.217038276,0.213336052,0.179809136,0.243561578,0.255747301,0.244350011,0.222873006,0.174345899,0.173635806,0.149573571,0.162732426,0.163906031,0.162240015,0.138447728,0.151402511,0.042779268,0.042646724,0.029946534,0.052481718,0.069263312,0.038232388,0.0382852,0.031180305,0.039091525,0.056214579,0.070189039,0.070386766,0.082609971,0.104680858,0.12353644,0.14969289,0.191980242,0.21985894,0.224756161
Norway,NOR,1.589305526,1.83270207,1.888498263,1.595596622,1.470782811,1.567803271,2.054682585,1.425567997,1.461569749,1.735948722,1.271984426,1.505886567,1.675343733,1.819815099,2.220135198,2.556103647,2.998528491,2.451530769,3.332198688,2.494057885,2.410003948,2.732622778,2.78596179,2.841438316,2.15670382,1.818585514,1.474918051,1.736849523,2.168708579,2.953754186,3.339310306,3.791423886,3.602974253,2.087345439,2.017275693,2.100667525,2.052153234,2.088210009,2.136971129,2.266142955,2.455560379,2.4145059,2.432038528,2.582799243,3.517834295,3.652535492,3.430726475,3.610820461,3.79204325,3.618503273,3.435737307,3.686829861,3.20499601,3.04483482
Oman,OMN,1.604876925,1.535882907,1.523682863,1.632615607,1.713816511,1.792563052,1.811517691,1.920611882,2.171971185,2.448696627,2.867052868,4.092314502,3.537424949,3.475543462,4.551281186,5.406711332,5.194194577,4.377539704,3.996116273,5.025972465,4.987196601,4.193345686,4.851856688,NA,NA,NA,NA,0.949322004,0.481999369,0.732651021,0.579112912,0.363665164,0.458930087,1.150085071,1.851802442,NA,NA,NA,NA,NA,NA,NA,NA,NA,NA,NA,NA,NA,NA,NA,NA,NA,NA,NA
Pakistan,PAK,0.22817288,0.246174617,0.246353851,0.256962612,0.266169075,0.268748568,0.261225718,0.274143816,0.263360543,0.263788544,0.291840148,0.285230986,0.317235037,0.336527146,0.349583485,0.370835407,0.354995787,0.352509167,0.348440303,0.33399861,0.325606236,0.321259866,0.336160722,0.156047602,0.157640768,0.152369996,0.152291833,0.160596484,0.163394502,0.165888231,0.189379301,0.195027557,0.205487229,0.211977699,0.20977075,0.090750359,0.096667433,0.109394248,0.108740296,0.116553014,0.118273193,0.129949401,0.141612786,0.135111284,0.133280808,0.124153625,0.126130811,0.128468797,0.130303449,0.133499595,0.12649945,0.1384375,0.150108503,0.159880107
Panama,PAN,0.852573155,0.885218565,0.990027669,0.889365334,0.906542232,0.974860635,1.104486243,0.986486657,0.912067817,0.954774392,0.874302881,0.906726896,0.914711153,1.000663215,1.264442601,1.334592744,1.372624402,1.353127603,1.535065618,1.547631311,1.084355367,1.017966755,1.026086183,0.698336761,0.707699437,0.667568822,0.778924982,0.764236504,0.651694558,0.695053928,0.728169664,0.570006903,0.596627872,0.648805769,0.738129487,0.291176405,0.322299919,0,0.171898185,0.251697388,0.065653309000000007,0.170225016,0.363050134,0.511752154,0.649469776,0.747374994,0.907558203,0.962346786,0.765451031,0.508313557,0.747333974,0.722025308,0.660251884,0.747397256
Papua New Guinea,PNG,NA,NA,NA,NA,NA,NA,NA,NA,NA,NA,NA,NA,NA,NA,NA,NA,NA,NA,NA,NA,NA,NA,0.258612729,NA,NA,NA,NA,NA,NA,NA,NA,NA,NA,NA,NA,NA,NA,NA,NA,NA,NA,NA,NA,NA,NA,NA,NA,NA,NA,NA,NA,NA,NA,NA
Paraguay,PRY,0.290586104,0.330477587,0.448184116,0.580716516,0.597637093,0.588492796,0.573633892,0.557073831,0.440520873,0.456017548,0.430182613,0.399173675,0.44624980400000003,0.370942714,0.379117871,0.378209486,0.440331575,0.411830223,0.516656273,0.5614574,0.54194697,0.451780088,0.449585218,0.221892263,0.214816059,0.21505057,0.182713969,0.186298674,0.193642483,0.193293708,0.198028771,0.201378108,0.205275682,0.242745803,0.274067052,0.135359434,0.139237185,0.139373141,0.136423751,0.15962394,0.134197712,0.127960167,0.142932769,0.121787831,0.161388715,0.13720883,0.129137555,0.151763785,0.146135483,0.135617337,0.152488285,0.19485778,0.23896289,0.233151735
Peru,PER,0.318844472,0.298750607,0.281763145,0.359701669,0.374486447,0.354192264,0.420792495,0.375924718,0.320973791,0.306339719,0.351840785,0.349829014,0.37916072,0.398301329,0.427682477,0.490723891,0.547580085,0.547583981,0.685098703,0.693716732,0.688003151,0.718975932,0.729166309,0.427461694,0.428102211,0.417882234,0.369539955,0.349693582,0.319956401,0.371059911,0.374124754,0.368186678,0.304639472,0.291691086,0.29220767,0.132376899,0.16914107,0.24705866,0.26225268,0.288160914,0.328633408,0.293448748,0.247660823,0.282777965,0.32062731,0.355831629,0.355229594,0.471704435,0.477251725,0.491214317,0.483350304,0.452700851,0.40301951,0.33745726
Philippines,PHL,0.366904635,0.380304564,0.409451647,0.456977405,0.49939397,0.519035878,0.468548726,0.462884267,0.460192518,0.458229038,0.448815488,0.453631191,0.446148956,0.442730484,0.413764947,0.427118201,0.432924146,0.419549596,0.436154262,0.440029981,0.38990843,0.354117038,0.363465359,0.364288378,0.320618511,0.313384084,0.318656103,0.27160503,0.25452206,0.245656577,0.299935441,0.311206838,0.340023756,0.346722527,0.333452418,0.142124936,0.158622876,0.15618057900000001,0.185298736,0.190637537,0.203577005,0.235846147,0.278769679,0.283652878,0.295715268,0.313109163,0.327179398,0.351080817,0.357338967,0.343612618,0.353171926,0.384424908,0.388332523,0.404121276
Poland,POL,2.946915853,2.976565001,2.887251753,2.91835509,3.150648102,3.090624994,2.865718367,2.809179701,2.623376812,2.621788717,2.570392856,2.603367705,2.693864919,2.686229477,2.854650994,2.979930471,2.996378824,2.770935865,3.0134134,2.945185549,2.712172623,2.641983625,2.555116661,NA,NA,NA,NA,NA,NA,NA,NA,NA,NA,2.948525018,2.9579913,NA,NA,NA,NA,NA,NA,NA,NA,NA,NA,NA,NA,NA,NA,NA,NA,NA,NA,NA
Portugal,PRT,2.232145944,2.095274636,2.217307755,2.374331044,2.292904661,2.535389043,2.721133899,2.90247268,2.904787969,2.949432413,3.013423369,2.806301405,2.914415307,3.051248965,2.913189777,2.853768759,2.809830565,2.747576783,2.623132928,2.428500255,2.201327678,2.126141032,2.087817774,1.29200915,1.356769437,1.404791617,1.237911248,1.167094022,1.146999228,1.301324399,1.461579748,1.62305804,1.912140568,1.956081712,2.046397565,0.345750675,0.35472935,0.391492615,0.396101686,0.476763055,0.476984479,0.507479642,0.569096905,0.637208082,0.754337209,0.866138632,0.879899622,0.988196653,1.019542269,0.9689043,1.147169292,1.115039326,1.173907741,1.187927577
Qatar,QAT,NA,NA,NA,NA,NA,NA,NA,NA,9.363308681,8.999677891,9.267438835,8.057454394,7.781199474,11.02476161,14.19915504,15.26453367,14.0807577,14.2794728,12.54617993,12.75937516,13.33577986,12.52542835,14.41415298,NA,NA,NA,NA,NA,NA,NA,NA,NA,NA,NA,NA,NA,NA,NA,NA,NA,NA,NA,NA,NA,NA,NA,NA,NA,NA,NA,NA,NA,NA,NA
Romania,ROU,1.997968107,1.843808785,1.732005168,1.790442953,1.875597758,1.726471806,1.574178223,1.273484577,1.301297852,1.442038663,1.454401252,1.581966779,1.589244555,1.649917787,1.781834273,1.965070615,1.966391932,1.603718052,1.534055046,1.632325825,1.605832822,1.423025204,1.39218242,NA,NA,NA,NA,NA,NA,NA,NA,NA,NA,2.752376502,2.278446383,NA,NA,NA,NA,NA,NA,NA,NA,NA,NA,NA,NA,NA,NA,NA,NA,NA,NA,NA
Russian Federation,RUS,4.417131004,4.015669985,3.518852897,3.613306705,3.367522279,3.209855801,3.140730879,3.11293621,3.225743967,3.287291338,3.251593545,3.377630834,3.382940718,3.414798267,3.6219429930000002,3.709416004,3.812814217,3.443006352,3.768413324,3.993413126,3.827941359,3.722673567,3.577685167,NA,NA,NA,NA,NA,NA,NA,NA,NA,NA,NA,NA,NA,NA,NA,NA,NA,NA,NA,NA,NA,NA,NA,NA,NA,NA,NA,NA,NA,NA,NA
Rwanda,RWA,0.031246158,0.033485247,0.034992538,0.037936853,0.045736431,0.04945366,0.045022793,0.040892357,0.033728466,0.032735771,0.032883117,0.032501763,0.036482951,0.037601031,0.043060002,0.048867003,0.063020562,0.058186093,0.065449159,0.071737188,0.080619871,0.084896072,0.08108654,0.040261745,0.047768432,0.044121724,0.047896723,0.042950505,0.040390941,0.036500759,0.035155066,0.037143589,0.036493796,0.029326642,0.028703267,0.010390656,0.011722879,0.012114044,0.007315852,0.008690005,0.008115822,0.007004434,0.008971922,0.009148733,0.010277597,0.01010927,0.010592048,0.011345407,0.013170931,0.021993798,0.029613473,0.029791647,0.029960097,0.028014085
Saudi Arabia,SAU,NA,NA,NA,NA,NA,NA,NA,NA,NA,NA,NA,NA,NA,NA,NA,NA,NA,NA,NA,NA,NA,NA,4.700114801,NA,NA,NA,NA,NA,NA,NA,NA,NA,NA,NA,NA,NA,NA,NA,NA,NA,NA,NA,NA,NA,NA,NA,NA,NA,NA,NA,NA,NA,NA,NA
Senegal,SEN,NA,NA,NA,NA,NA,NA,NA,NA,NA,NA,NA,NA,NA,NA,NA,NA,NA,NA,NA,NA,NA,NA,0.268507428,NA,NA,NA,NA,NA,NA,NA,NA,NA,NA,NA,NA,NA,NA,NA,NA,NA,NA,NA,NA,NA,NA,NA,NA,NA,NA,NA,NA,NA,NA,NA
Serbia,SRB,NA,NA,NA,NA,NA,NA,NA,NA,NA,NA,NA,NA,NA,NA,1.97943806,2.001069649,1.932853949,1.761708664,1.71355701,1.870712621,1.804021305,1.750401824,1.526936958,NA,NA,NA,NA,NA,NA,NA,NA,NA,NA,NA,NA,NA,NA,NA,NA,NA,NA,NA,NA,NA,NA,NA,NA,NA,NA,NA,NA,NA,NA,NA
Sierra Leone,SLE,0.06702276,0.068833948,0.076534759,0.067786009,0.076230969,0.074730096,0.072724709,0.066835556,0.072307539,0.088680552,0.095621032,0.095024174,0.090622129,0.080477984,0.090726711,0.081944439,0.080517971,0.076422399,0.079263739,0.086817886,0.090066268,0.096340374,0.081722055,0.106101489,0.110939962,0.092037578,0.10231317,0.084968641,0.089336814,0.088474987,0.069491506,0.066122909,0.058376159,0.068241315,0.074109104,0.105528772,0.111056786,0.121422023,0.105878202,0.09805689,0.099962825,0.092934137,0.11020859,0.209977299,0.175320087,0.162618401,0.141848688,0.137235049,0.12044036,0.100340707,0.09596562,0.103990309,0.124515693,0.119478009
Singapore,SGP,4.334309573,4.98295949,5.484820488,5.065094397,5.26896478,6.042879321,4.999542578,5.405537713,7.161637912,5.949244979,5.961664791,4.770325069,5.47566197,5.320793154,5.744800336,5.47032307,6.26849935,5.709355251,5.235944228,5.717532856,5.578621445,4.955789782,4.414203166,2.335700416,2.589921764,2.816959203,2.934964566,2.444516461,2.366891454,2.324450808,2.509765233,2.836043431,3.08135861,3.254846365,3.574518574,NA,NA,NA,NA,NA,NA,NA,NA,NA,NA,NA,NA,0.178697563,0.410554169,0.581955738,0.673151759,0.164976062,0.528543235,2.119067931
Slovenia,SVN,NA,NA,NA,2.989145435,3.206323949,3.236528655,3.068827021,3.166886116,2.972146648,3.095868412,3.277552332,3.278729664,3.629984478,3.818394787,3.901588018,4.310499273,4.111962233,3.354672069,3.640850757,3.616915268,3.347525371,3.170925951,2.835090886,NA,NA,NA,NA,NA,NA,NA,NA,NA,NA,NA,NA,NA,NA,NA,NA,NA,NA,NA,NA,NA,NA,NA,NA,NA,NA,NA,NA,NA,NA,NA
South Africa,ZAF,NA,NA,NA,NA,NA,NA,NA,NA,NA,NA,NA,NA,NA,NA,NA,NA,NA,NA,NA,NA,NA,NA,2.613698791,NA,NA,NA,NA,NA,NA,NA,NA,NA,NA,NA,NA,NA,NA,NA,NA,NA,NA,NA,NA,NA,NA,NA,NA,NA,NA,NA,NA,NA,NA,NA
South Sudan,SSD,NA,NA,NA,NA,NA,NA,NA,NA,NA,NA,NA,NA,NA,NA,NA,NA,NA,NA,NA,0.045346539,0.04457987,0.04574251,0.043334819,NA,NA,NA,NA,NA,NA,NA,NA,NA,NA,NA,NA,NA,NA,NA,NA,NA,NA,NA,NA,NA,NA,NA,NA,NA,NA,NA,NA,NA,NA,NA
Spain,ESP,2.606648104,2.352896827,2.478211861,2.616949099,2.496208447,2.688225154,2.865499188,3.019696874,3.177167955,3.190514622,3.346819119,3.495577439,3.563938341,3.681217045,3.622086294,3.70372756,3.56975583,2.831077386,2.712802597,2.522689048,2.349682621,2.179627376,2.188254632,2.098958988,1.984040731,1.909140982,1.851806008,1.749925252,1.709942406,1.868780296,1.9091318,2.043444447,2.279180446,2.351229433,2.469688221,0.796590779,0.832702684,0.87641648,0.945669462,1.055867212,1.124756248,1.17706189,1.273994973,1.396420195,1.513580895,1.608893447,1.716913403,1.896342403,1.965743876,1.95737237,2.136686879,1.987049233,1.901971411,2.049125167
Sri Lanka,LKA,0.248436162,0.268082311,0.275761316,0.28702228,0.334010846,0.335171899,0.339984364,0.350904629,0.387246643,0.37271869,0.411411098,0.436946298,0.459681388,0.493929445,0.502217929,0.52284178,0.522677846,0.47911541,0.530268697,0.630228155,0.646374446,0.552116656,0.660300913,0.203681466,0.193497982,0.19892836,0.209237263,0.191638288,0.188368496,0.183261632,0.203089864,0.207512489,0.201334865,0.202383441,0.217213107,0.193162732,0.202472705,0.204623218,0.199191258,0.201073636,0.223022014,0.21218509,0.227651864,0.254081587,0.211326704,0.175523912,0.194870018,0.200754443,0.172425669,0.149960852,0.147898708,0.16348728,0.175760129,0.20783458
Sudan,SDN,NA,NA,NA,NA,NA,NA,NA,NA,NA,NA,NA,NA,NA,NA,NA,NA,NA,NA,NA,0.147566604,0.203805877,0.131759574,0.127489324,NA,NA,NA,NA,NA,NA,NA,NA,NA,NA,NA,NA,NA,NA,NA,NA,NA,NA,NA,NA,NA,NA,NA,NA,NA,NA,NA,NA,NA,NA,NA
Suriname,SUR,NA,NA,NA,NA,NA,NA,NA,NA,1.330135003,1.388042867,1.088225204,1.257533747,1.310211361,1.740228483,1.497024474,1.539457753,1.641309403,2.685062868,2.763923224,3.054319033,3.152538992,2.678712368,2.143158259,NA,NA,NA,NA,NA,NA,NA,NA,NA,NA,NA,NA,NA,NA,NA,NA,NA,NA,NA,NA,NA,NA,NA,NA,NA,NA,NA,NA,NA,NA,NA
Sweden,SWE,3.33208521,3.22185734,3.494704109,3.381616207,3.567635894,3.456306469,3.519057178,3.363888733,3.411459613,3.275524744,3.489360029,3.695994493,3.544729439,3.529759285,3.547155865,3.669328252,3.59885924,3.07627064,3.614987334,3.660869981,3.357410258,3.280183923,3.253922789,4.093282892,3.736396601,3.514415931,3.285316618,3.137065235,3.407215346,3.471775804,3.487686436,3.668899672,3.661993143,3.553493224,3.406895344,2.502488123,2.655838539,2.867649756,3.11441452,3.439774336,3.690957976,3.494258935,3.934776821,4.35220242,4.944952992,4.580010691,4.552464046,4.550224919,4.257612185,4.654155688,4.975557922,4.564890764,4.029565585,4.477346338
Switzerland,CHE,4.304761157,3.983785966,3.966837721,4.039274947,4.023225885,4.136705373,4.106412808,4.004720104,3.886999924,3.970360551,3.849299724,3.903859096,3.954209219,4.162183536,4.112056501,4.129896871,4.129878349,3.704934102,3.942089478,3.913916738,3.741199796,3.797877897,3.481661911,4.052472008,3.775849062,3.470622512,3.758539777,3.914485044,4.014616834,4.16175185,4.052007859,4.17513441,4.421213854,4.501454127,4.447663031,NA,NA,NA,NA,NA,NA,NA,NA,NA,NA,NA,NA,NA,NA,NA,NA,NA,NA,NA
Tajikistan,TJK,NA,NA,NA,NA,NA,NA,NA,NA,NA,NA,NA,NA,NA,NA,NA,NA,NA,NA,NA,NA,NA,NA,0.198683984,NA,NA,NA,NA,NA,NA,NA,NA,NA,NA,NA,NA,NA,NA,NA,NA,NA,NA,NA,NA,NA,NA,NA,NA,NA,NA,NA,NA,NA,NA,NA
Thailand,THA,0.779952635,0.870380833,1.010616113,1.101747298,1.201066737,1.103676835,0.936167641,0.932441398,0.88340385,0.920366466,1.024380964,1.083708511,1.164957992,1.301343172,1.260516332,1.305813536,1.367587354,1.264328168,1.425704614,1.448271566,1.567227933,1.519152855,1.423195687,0.327448557,0.297456684,0.256638994,0.307161187,0.303696401,0.322087383,0.327880088,0.38727059,0.436776191,0.511832596,0.663958681,0.731980606,0.069107212,0.078511346,0.087077765,0.103356242,0.09872649,0.14545561,0.154829095,0.203177424,0.176032564,0.176514716,0.199059215,0.225968731,0.254859399,0.232195535,0.236510336,0.263579438,0.294445595,0.302430056,0.346379252
Timor-Leste,TLS,NA,NA,NA,NA,NA,NA,NA,NA,NA,NA,NA,NA,NA,NA,NA,NA,NA,NA,NA,NA,NA,NA,0.13944569,NA,NA,NA,NA,NA,NA,NA,NA,NA,NA,NA,NA,NA,NA,NA,NA,NA,NA,NA,NA,NA,NA,NA,NA,NA,NA,NA,NA,NA,NA,NA
Togo,TGO,0.078987771,0.059427564,0.078287773,0.09862891,0.119387182,0.120647566,0.121515054,0.162758746,0.152956599,0.154477078,0.15808913,0.163796172,0.170326419,0.168555883,0.175466435,0.187398638,0.241223851,0.304321246,0.268869048,0.302731363,0.275050978,0.291931913,0.284213618,0.04945103,0.076556002,0.073950828,0.060306741,0.055272003,0.05780643,0.074283347,0.075461557,0.069440541,0.066555864,0.106083317,0.074806277,0.047981236,0.047084527,0.039554383,0.034069401,0.043513636,0.048532555,0.054038021,0.042486498,0.057769234,0.06249578,0.059929813,0.0780183,0.053860369,0.032103044,0.109159164,0.073462008,0.045725949,0.05367795,0.080135032
Trinidad and Tobago,TTO,NA,NA,NA,NA,NA,NA,NA,NA,NA,NA,NA,NA,NA,NA,NA,NA,NA,NA,NA,NA,NA,NA,5.4969433,NA,NA,NA,NA,NA,NA,NA,NA,NA,NA,NA,NA,NA,NA,NA,NA,NA,NA,NA,NA,NA,NA,NA,NA,NA,NA,NA,NA,NA,NA,NA
Tunisia,TUN,0.628394431,0.651175324,0.638714069,0.641705612,0.653897223,0.663659231,0.740302023,0.767750298,0.79620742,0.854351162,0.85031651,0.874404691,0.8929459,0.88754285,0.915864851,0.970919497,1.003217661,0.95030025,1.059757678,1.049606761,1.062639758,1.050096023,1.080730411,0.527055688,0.516665401,0.500498387,0.501996473,0.554020221,0.56673287,0.532953126,0.481956145,0.528093674,0.537317425,0.775952941,0.588466525,NA,NA,NA,NA,0.137344997,0.146505053,0.121602795,0.1262075,0.178234298,0.137381727,0.173665019,0.227503231,0.240040583,0.308719822,0.362846507,0.396698841,0.47227919,0.481103285,0.544749343
Turkey,TUR,1.100157738,1.217264599,1.061069528,1.220749629,1.314283006,1.372067974,1.355486148,1.28742931,1.459913395,1.095030626,1.339993166,1.442698121,1.443730665,1.541840653,1.700355058,1.857030614,1.771475257,1.677060418,1.837759366,1.957625776,1.961239925,1.899186136,1.911729273,0.77133733,0.732224933,0.730715106,0.793812344,0.821948338,0.849532046,0.882227225,0.995563287,0.92397712,1.014898392,1.063857712,1.068470341,0.266379088,0.290270419,0.309974299,0.320173937,0.33813216,0.419667535,0.410236436,0.443755193,0.469600839,0.503956756,0.545533864,0.624804102,0.679902079,0.684218139,0.721683851,0.819521044,0.891262138,0.823870485,0.747506684
Turkmenistan,TKM,NA,NA,NA,NA,NA,NA,NA,NA,NA,NA,NA,NA,NA,NA,NA,NA,NA,NA,NA,NA,NA,NA,4.272752261,NA,NA,NA,NA,NA,NA,NA,NA,NA,NA,NA,NA,NA,NA,NA,NA,NA,NA,NA,NA,NA,NA,NA,NA,NA,NA,NA,NA,NA,NA,NA
Uganda,UGA,0.022096579,0.021394467,0.019957333,0.029485948,0.028590305,0.032674655,0.040762884,0.036555471,0.033057896,0.034939824,0.035563907,0.038838216,0.040131861,0.046703059,0.068240822,0.074778008000000007,0.087679587,0.085836441,0.090600947,0.095737769,0.086284131,0.094757545,0.10109529,NA,NA,0.017964586,0.019625715,0.018794088,0.019314987,0.020798527,0.022180339,0.024002655,0.022592422,0.021300526,0.022063778,NA,NA,NA,NA,NA,NA,NA,NA,NA,NA,NA,NA,NA,NA,NA,NA,NA,NA,NA
Ukraine,UKR,NA,NA,NA,NA,NA,NA,NA,NA,NA,NA,NA,NA,NA,NA,NA,NA,NA,NA,NA,NA,NA,NA,1.620827308,NA,NA,NA,NA,NA,NA,NA,NA,NA,NA,NA,NA,NA,NA,NA,NA,NA,NA,NA,NA,NA,NA,NA,NA,NA,NA,NA,NA,NA,NA,NA
United Arab Emirates,ARE,10.98794193,10.75334706,11.27852844,11.4629795,11.5382237,11.56259944,11.21430817,10.81114873,10.18796961,11.43094305,11.03711724,10.82460407,10.65866425,10.10877653,9.858341207,9.72687854,10.32439636,9.05352656,8.361384433,7.657333476,7.3996008,7.734610579,7.853405746,4.893714669,6.494616858,6.55154977,6.139826189,8.168952654,8.939476346,9.922937726,10.62642416,10.50276597,11.74678414,11.27806805,12.16256196,NA,NA,NA,NA,NA,NA,NA,NA,NA,NA,NA,NA,NA,NA,NA,NA,NA,NA,NA
United Kingdom,GBR,3.784280057,3.59769623,3.655366422,3.524430827,3.692104389,3.479706641,3.598420022,3.531971896,3.80838517,4.208805398,3.993031423,3.935734397,4.044858627,4.089447994,4.172623026,4.23979496,3.993585744,4.086164503,3.586457001,3.30396454,3.264502286,3.232586307,2.996228558,3.920225386,3.667708683,3.528576687,3.427074901,3.327831006,3.521673117,3.71896407,3.804136863,3.916593566,3.861021539,3.808288534,3.850288895,3.834917533,3.949737407,4.106092169,4.194659175,4.324374265,4.244904686,4.235569328,4.29480363,4.457253482,4.663414899,4.625720262,4.498866194,4.773033256,4.383453738,4.08737333,4.212959627,4.159297081,4.148480727,4.419649842
Uruguay,URY,NA,NA,NA,NA,NA,NA,NA,NA,NA,NA,NA,NA,NA,NA,NA,NA,NA,NA,NA,NA,NA,NA,0.797733295,NA,NA,NA,NA,NA,NA,NA,NA,NA,NA,NA,NA,NA,NA,NA,NA,NA,NA,NA,NA,NA,NA,NA,NA,NA,NA,NA,NA,NA,NA,NA
Uzbekistan,UZB,1.799776314,1.782914745,1.676226446,1.522603662,1.542454445,1.523378265,1.707357724,1.678165337,1.66440016,1.662164148,1.693905145,1.641703994,1.61005268,1.53697829,1.571688392,1.559989307,1.54462593,1.381541069,1.360379076,1.443819705,1.417676096,1.254906845,1.232248958,NA,NA,NA,NA,NA,NA,NA,NA,NA,NA,NA,NA,NA,NA,NA,NA,NA,NA,NA,NA,NA,NA,NA,NA,NA,NA,NA,NA,NA,NA,NA
Zambia,ZMB,0.155499785,0.138982783,0.120444757,0.116061281,0.129625135,0.171041019,0.146096696,0.096176926,0.100308416,0.112574289,0.107737092,0.112865321,0.145347573,0.158140116,0.160210234,0.146948611,0.153538364,0.150059056,0.145505886,0.18227386,0.228221694,0.258218429,0.216313951,0.256937833,0.229079269,0.207374425,0.193760747,0.18852545,0.183176707,0.183025076,0.174227609,0.185132138,0.185886102,0.158429785,0.158502293,NA,NA,NA,0.658888011,0.732942891,0.745033868,0.891019202,0.858780798,0.841136735,0.698378084,0.671663453,0.545386618,0.554818026,0.428406626,0.407504575,0.367812482,0.311604064,0.28827367,0.263496422
Zimbabwe,ZWE,0.689289862,0.609105032,0.720103327,0.589691585,0.618075908,0.59247418,0.604506144,0.632635408,0.554482124,0.521384746,0.460877211,0.387118532,0.343399928,0.397669726,0.387096124,0.381137882,0.299381337,0.305305189,0.367951158,0.496282823,0.375484047,0.381250875,0.349361925,0.579159575,0.560154978,0.537885276,0.507436013,0.495389218,0.541550282,0.544916841,0.639745763,0.57363271,0.578826914,0.61350379,0.693599639,0.347949395,0.357195381,0.351748908,0.360528963,0.424955204,0.451468448,0.389220137,0.454945376,0.473696516,0.574784011,0.581062166,0.581833915,0.595714197,0.589695468,0.546867485,0.602529147,0.495719224,0.482453011,0.466448452
